,,,FIPS CODES,36061,36001,36003,36007,36009,36011,36013,36015,36017,36019,36021,36023,36025,36027,36029,36031,36033,36035,36037,36039,36041,36043,36045,36049,36051,36053,36055,36057,36059,36063,36065,36067,36069,36071,36073,36075,36077,36079,36083,36087,36089,36091,36093,36095,36097,36099,36101,36103,36105,36107,36109,36111,36113,36115,36117,36119,36121,36123
Type,Sub-Type,Description,Code,New York City,Albany,Allegany,Broome,Cattaraugus,Cayuga,Chautauqua,Chemung,Chenango,Clinton,Columbia,Cortland,Delaware,Dutchess,Erie,Essex,Franklin,Fulton,Genesee,Greene,Hamilton,Herkimer,Jefferson,Lewis,Livingston,Madison,Monroe,Montgomery,Nassau,Niagara,Oneida,Onondaga,Ontario,Orange,Orleans,Oswego,Otsego,Putnam,Rensselaer,Rockland,St Lawrence,Saratoga,Schenectady,Schoharie,Schuyler,Seneca,Steuben,Suffolk,Sullivan,Tioga,Tompkins,Ulster,Warren,Washington,Wayne,Westchester,Wyoming,Yates
Hazard,Seneca,Active Shooter,X,,,,,,,,,,,,,,,,,,,,,,,,,,,,,,,,,,,,,,,,,,,,,,x,,,,,,,,,,,,
Hazard,Albany |Oneida,Air Contamination,X,,X,,,,,,,,,,,,,,,,,X,,,,,,,,,,,x,x,,,,X,,,,,,,,,,,x,,,,,,,,,X,,X,
Hazard,Seneca,Animal Disease,X,,,,,,,,,,,,,,,,,,,,,,,,,,,,,,,,,,,,,,,,,,,,,,x,,,,,,,,,,,,
Hazard,2019 NYSHMP,Avalanche,X,,,,,,,,,,,,,,,,,,,,,,x,,,,,,,,,x,,,,,,,,,,,,,,,,,,,,,,,,,,,
Hazard,Madison | Oneida | Seneca,Blight,X,,,,,,,,,,,,,,,,,,,,,,,,,,x,,,,,x,,,,X,,,,,,x,,,,,x,,,,,,,,,,,X,
Hazard,Westchester,"Chemical, Biological, Radiological, or Nuclear (CBRN) Incidents",X,,,,,,,,,,,,,,,,,,,,,,,,,,,,,,,,,,,,,,,,,,,,,,,,,,,,,,,,X,,
Hazard,Madison |,Civil Disturbance/Terrorism,X,,,,,,,,,,,,,,,,,,,,,,,,,,x,,,,,,,,,,,,,,,,,,,,,,,,,,,,,,,,
Hazard,Albany | Tompkins,Civil Unrest,X,,X,,,,,x,,,,,,,,,,,,X,,,,,,,,x,,,,,,,,X,,,,,,x,,,,,,,,x,,x,,,,,,X,
Hazard,Madison | Seneca,Contamination - air and water,X,,,,,,,,,,,,,,,,,,,,,,,,,,x,,,,,,,,,,,,,,,,,,,,x,,,,,,,,,,,,
Hazard,2019 NYSHMP,Coastal Erosion,X,X,,,,,X,,,,,,,,X,X,,,,,,,x,X,,,,,,x,x,,,,,,,,,,,,,,,,,,X,,,,,,,X,,,
Hazard,NYC,Coastal Storms (Hurricane...),X,X,,,,,,,,,,,,,,,,,,,,,,,,,,,,,,,,,,,x,,,,,,,,,,,,,,,,,,,,,,
Hazard,Niagara,Conventional Bomb/IED,X,,,,,,,,,,,,,,,,,,,,,,,,,,,,,,x,,,,,,,,,,,,,,,,,,,,,,,,,,,,
Hazard,Westchester,Critical Infrasture Failures,X,,,,,,,,,,,,,,,,,,,,,,,,,,,,,,,,,,,,,,,,,,,,,,,,,,,,,,,,X,,
Hazard,Westchester,Cyber Attack,X,,,,,,,,,,,,,,,,,,,,,,,,,,,,,,,,,,,,,,,,,,,,,,,,,,,,,,,,X,,
Hazard,Otsego | Albany | Rensselaer | Cattaragus | Schenectady | Schoharie | Ulster | Allegany | Washington | Seneca,Dam Failure,X,,,X,,X,,x,,,,,,,,,,X,,X,,,,X,X,,x,,,,x,,,,X,X,x,X,,x,,x,,X,X,,x,,,x,x,,X,X,X,X,,,
Hazard,NYC | Washington | Westchester,Disease Outbreaks,X,X,,,,,,,,,,,,,,,,,,,,,,,,,,,,,,,,,,,,,,,,,,,,,,,,,,,,X,X,,X,,
Hazard,2019 NYSHMP,Drought,X,X,X,X,X,,X,x,,X,,,,x,X,,,X,X,X,X,,x,X,X,X,x,x,X,x,x,x,X,,X,X,x,X,X,x,X,x,x,X,X,X,,x,X,x,x,x,X,X,X,,,,
Hazard,2019 NYSHMP,Earthquake,X,X,X,X,X,,X,,,X,x,,x,x,X,X,,X,X,X,X,,x,X,X,X,x,x,X,x,x,x,X,,X,X,x,X,X,x,X,x,x,X,X,X,x,x,X,x,x,x,X,X,X,X,X,X,
Hazard,Madison,Energy Emergency,X,,,,,,,,,,,,,,,,,,,,,,,,,,x,,,,x,,,,,,,,,,,,,,,,,,,,,,,,,,,,
Hazard,Albany | Schenectady | Oneida,Epidemic,X,,X,,,,,,X,,,,,,,X,,,,X,,,,,,,,,,,x,x,,,,X,x,,,,,x,,X,,,,,,,,,,,,X,,X,
Hazard,Herkimer,Erosion,X,,,,,,,,,,,,,,,,,,,,,,x,,,,,,,,,,,,,,,,,,,,,,,,,,,,,,,,,,,,
Hazard,2019 NYSHMP,Excessive Heat,X,X,,,,,X,,,,,,,,X,,,,,,,,x,,,,,,X,,,,,,,,,X,,,X,,,X,,,x,,,,,,X,,,,,,X
Hazard,2019 NYSHMP,Expansive Soil,X,X,,,,,,,,,,,,,,X,,,,,,,x,,,,,,,,,,,,,,,,,,,,,,,,,,X,,,,,X,X,,,,
Hazard,Madison | Albany | Seneca,Explosion,X,,X,,,,,,,,,,,,,X,,,,,,,,,,,x,,,,,,,,,X,,,,,,x,,,,X,x,,,,,,,,,,,X,
Hazard,2019 NYSHMP,Extreme Cold,X,X,,,,,X,,,,,,,,X,,,X,,,,,,,,,,,X,,,,,,,,,X,,,X,,,X,,,,,,,,,X,,,,,,X
Hazard,Rensselaer | Saratoga | Allegany | Albany | Oneida | Washington | Tompkins | Westchester | Steuben | Seneca,Extreme Temperatures,X,,X,X,X,,,,,X,,,,,,X,,X,X,X,x,,,X,X,,,x,X,,,x,X,,X,X,x,,X,x,,,x,,,X,x,,,,,x,,,X,,X,X,
Hazard,Madison | Albany | Ontario | Tompkins | Schuyler | Wyoming | Essex | Seneca,Fire,X,,X,,,,,,,,,,,,,X,X,,,X,,,,,,,x,,,,,,,X,,X,x,,,,,x,,,,X,x,,,x,,x,,,,X,,X,
Hazard,Steuben,Flash Flood,X,,,,,,,,,,,,,,,,,,,,,,,,,,,,,,,,,,,,,,,,,,,,,,,x,,,,,,,,,,,
Hazard,Albany,Food Shortage,X,,X,,,,,,,,,,,,,,,,,,,,,,,,,,,,,,,,,X,,,,,,,,,,X,,,,,,,,,,,,,
Hazard,2019 NYSHMP,Flood,X,X,X,X,X,X,X,X,X,X,x,x,x,X,X,X,X,X,X,X,X,,x,X,X,X,x,x,X,x,x,x,X,X,X,X,x,X,X,x,X,x,x,X,X,X,x,x,X,x,x,x,X,X,X,X,X,X,X
Hazard,Niagara,Fog,X,,,,,,,,,,,,,,,,,,,,,,,,,,,,,,x,,,,,,,,,,,,,,,,,,,,,,,,,,,,
Hazard,Albany | Tompkins | Seneca,Fuel Shortage,X,,X,,,,,,,,,,,,,,,,,,,,,,,,,,,,,,,,,X,,,,,,,,,,,x,,,,,x,,,,,,,
Hazard,Saratoga,Ground Failure,X,,,,,,,,,,,,,,,,,,,,,,,,,,,,,,,,,,,,,,,,,,x,,,,,,,,,,,,,,,,
Hazard,Suffolk,Groundwater Contaimination,X,,,,,,,,,,,,,,,,,,,,,,,,,,,,,,x,,,,,,,,,,,,,,,,,,X,,,,,,,,,,
Hazard,2019 NYSHMP,Hail,X,,X,X,X,,X,,,X,x,,,,X,,,,X,,X,,x,X,,,,x,X,x,x,,X,,,,,,X,,,,x,X,,,,,,,x,,,X,X,,,,
Hazard,Madison | Livingston,Hazardous Materials (HAZMAT fixed and in transit),X,,,X,,,,,,,,,,,,,,,,,,,,,,X,x,x,,,,,,,,,,,,,,,,,,X,,,,,,,,X,,,,,
Hazard,Albany | Seneca,HazMat-Fixed Site,X,,X,,,,,x,X,,,,,,,X,,,,X,,,,,,,,,,,x,,,,,X,x,,,,,x,,,,,x,,,x,,,,,,X,,X,
Hazard,Albany | Ontario | Yates | Tompkins | Steuben,HazMat-In Transit,X,,X,,,,,x,X,,,,,,,X,,X,,X,,,,,,,,,,,x,,,X,,X,x,,,,,x,,,,,,x,,x,,x,,,,X,,X,X
Hazard,2019 NYSHMP,High Wave Action,X,,,X,,,,,,,,,,,,,,,,,,,x,,,,x,,,x,,,,,,,,,,,,,,,,,,,,,,,,,,,,,
Hazard,2019 NYSHMP,High Winds,X,,,X,,,,,,,x,,,,,X,,,,,,,x,,X,,,x,,x,x,,,,,,,,,x,,,x,,,,,,,,,,X,,X,,,,
Hazard,2019 NYSHMP,Hurricane,X,,X,X,X,X,X,,,X,,x,,,X,,,X,X,,X,,,X,,,x,x,X,x,,x,X,,X,,,X,X,x,,,x,,X,X,,,X,x,,x,X,,X,,,,
Hazard,Yates,Hurricane and Tropical Storm,X,,,,,,,,,,,,,,,,,,,,,,,,,,,,,,,,,,,,,,,,,,,,,,,,,,x,,,,,,,,X
Hazard,2019 NYSHMP,Ice,X,,,X,,X,X,,,,x,,,,X,,X,,,,,,,,,,x,,,,,x,,X,,,,,,,,,x,X,X,,x,x,,,,,,,X,X,,,
Hazard,Madison |Rensselaer | Saratoga | Herkimer | Oneida | Tompkins | Essex | Steuben | Clinton,Ice Jams,X,,X,X,X,,,,,X,x,,,,,X,X,X,X,X,X,,x,X,X,,x,,,,x,x,X,,X,X,x,,X,x,,x,x,,,,,x,,x,x,x,,X,X,,,X,
Hazard,Albany | Saratoga | Montgomery | Yates | Monroe | Tompkins | Essex,Ice Storm,X,,,,,,,x,,,,,,,,,,,,X,,,,,,,,x,X,x,,,X,,,X,x,,X,,,x,,,,X,,,,x,,x,,X,,,,X,X
Hazard,Madison | Albany | Ontario | Allegany | Oneida | Washington | Tompkins | Schuyler | Suffolk | Steuben,Infestation/Invasive Species,X,,X,X,X,,,x,,,,,,x,,,,,,,X,,,,,X,x,x,,,,x,,X,,X,,,,,,,,,,X,,x,X,,,x,,X,X,X,,,
Hazard,Tompkins,Lake Flood,X,,,,,,,,,,,,,,,,,,,,,,,,,,,,,,,,,,,,,,,,,,,,,,,,,,,x,,,,,,,
Hazard,2019 NYSHMP,Land Subsidence,X,,,,X,X,,x,,X,,,,,,,,X,X,,X,,x,,,,,,,x,x,,X,X,,,,,X,,,,x,,,,,,,,,,,X,X,,,,
Hazard,2019 NYSHMP,Landslide,X,,,,X,,X,x,X,X,,,,x,,X,X,X,X,,X,,x,X,,X,x,x,,x,x,x,X,,X,X,x,X,X,x,X,,x,X,X,X,x,x,,x,,x,X,X,X,X,,,X
Hazard,Allegany,Levee Failure,X,,,X,,,,,,,,,,,,,,,,,,,,,,,,,,,x,,,,,,,,,,,,,,,,,,,,,,,,,,,,
Hazard,2019 NYSHMP,Lightning,X,,,X,,,,,,,,,,,,,,,x,,X,,x,X,,,,,,,,,,,X,,,,,x,,,,,,,,,,,,,X,,,,,,
Hazard,St. Lawrence,Mine Collapse,X,,,,,,,,,,,,,,,,,,,,,,,,,,,,,,,,,,,,,,,,,x,,,,,,,,,,,,,,,,,
Hazard,Cayuga | Rensselaer | Ulster | Montgomery | Suffolk,Nor'Easters,X,,,,X,,X,,,,,,,,,,,,X,,X,,,,,,,,X,,,,X,,X,,,,X,,,,x,,,,,,X,,x,,X,X,,,,,
Hazard,Madison | Albany | Yates | Seneca,Oil Spill,X,,X,,,,,,,,,,,,,X,,,,,,,,,,,x,,,,,,,,,X,,,,,,x,,,,x,,,,x,,,,,,,,X,X
Hazard,2019 NYSHMP,Pandemic/Epidemic,X,,,X,X,,,,,,,,,,,,,,X,,X,,x,,,,x,,,,,,,,,,,,X,,,,,X,X,X,,,,,,x,,,,,,,
Hazard,Essex,Power Failure,X,,,,,,,,,,,,,,,,X,,,,,,,,,,,,,,,,,,,,,,,,,,,,,,,,,,,,,,,,,,
Hazard,Madison,Radiological Accident/Incident,X,,,,,,,,,,,,,,,,,,,,,,,,,,x,,,,,,,,,,,,,,,,,,,X,,,,,,,,,,,,,
Hazard,Albany | Seneca,Radiological-Fixed Site,X,,X,,,,,,,,,,,,,,,,,,,,,,,,,,,,,,,,,,x,,,,,,,,,,x,,,,,,,,,,,,
Hazard,Albany | Seneca,Radiological-In Transit,X,,X,,,,,,,,,,,,,,,,,,,,,,,,,,,,,,,,,X,,,,,,,,,,,x,,,,,,,,,,,,
Hazard,2019 NYSHMP,Sea level rise,X,,,,,,,,,,,,,,,,,,,,,,,,,,,,,,,,,,,,,,,,,,,,,,,,,,,,X,,,,,,
Hazard,2019 NYSHMP,Seiche,X,,,,,,,,,,,,,,,,,,,,,,,,,,,,,,,,,,,,,,,,,,,,,,,,,,,,,,,,,,
Hazard,Schenectady | Montgomery | Rockland | Washington | Yates | Suffolk | Westchester | Delaware | Clinton | Seneca,Severe Storms,X,,,,X,,,x,X,X,x,,x,X,,,,X,X,X,X,,,,,X,,x,X,x,x,x,X,,,X,x,,X,,X,x,,x,,,x,,X,x,x,,,X,X,X,X,X,X
Hazard,Albany | Cattaragus | Ontario | Montgomery | Yates | Tompkins | Suffolk | Delaware | Steuben | Columbia,Severe Winter Storms,X,,X,,X,X,X,x,X,X,,x,x,X,,,,X,X,,X,,,,,X,,x,X,x,x,x,X,X,,,,,X,,,,x,,,X,,x,X,,x,x,,X,X,X,X,X,X
Hazard,Albany | Cattaragus | Herkimer,Severe Thunderstorm,X,,X,,,X,X,,,,,,,,,,,,,,,,x,,,,,,,,x,,,,,,,,,,,,x,,,,,,,x,x,,,,,,,,
Hazard,Suffolk,Shallow Groundwater Flooding,X,,,,,,,,,,,,,,,,,,,,,,,,,,,,,,,,,,,,,,,,,,,,,,,,X,,,,,,,,,,
Hazard,2019 NYSHMP,Snow,X,,,X,,,X,,,,x,,,,X,,,,,,,,,,,,,,,,,,,,,,,,,,X,,,X,,,,,,,x,,X,,,,,,
Hazard,2019 NYSHMP,Storm Surge,X,,,,,,,,,,,,,,X,,,,,,,,,,,,x,,,,,,,,,,,,,,,,,,,,,,,,,,,,,,,,
Hazard,Madison | Albany | Seneca,Structural Collapse,X,,X,,,,,,,,,,,,,,,X,,,,,,,,,x,,,,,,,,,X,,,,,,x,,,,,x,,,x,,,,,,,,,
Hazard,Albany | Schoharie | Erie | Tompkins | Seneca,Terrorism,X,,X,,,,,,X,,,,,,,X,,,,X,,,,,,X,,x,,,x,,,,,X,x,,,,,x,,,X,,x,,,x,,x,,,,X,,X,
Hazard,2019 NYSHMP,Tornado,X,,X,X,X,X,X,x,X,X,,x,,,X,X,,X,X,X,X,,,X,X,,x,x,X,x,x,x,X,X,X,X,x,X,X,x,,x,x,X,X,X,,x,,x,x,x,X,X,X,X,,X,X
Hazard,Madison | Albany | Yates | Tompkina | Seneca,Transportation Accident,X,,X,,,,,,X,,,,,,,X,,,,X,,,,,,,x,,,,x,,,,,X,,,,,,x,,,,X,x,,,x,,x,,,,X,,X,X
Hazard,Schoharie,Tropical Storm,X,,,,,,,,,,,,,,,,,,,,,,,,,,,,,,,,,,,,,,,,,,,,X,,,,,,x,,,,,,,,
Hazard,2019 NYSHMP,Tsunami,X,,,,,,,,,,,,,,,,,,,,,,,,,,,,,,,,,,,,,,,,,,,,,,,,,,,,,,,,,,
Hazard,Albany | Ontario | Allegany | Livingston | Tompkins | Seneca,Utility Failure,X,,X,X,,,,,,,,,,,,,,X,,,,,,,,X,,x,,,,,,X,,X,x,,,,,x,,,,,x,,,x,,x,,,,X,,X,
Hazard,Yates,Ultility Failure / Power Outage,X,,,,,,,,,,,,,,,,,,,X,,,,,,,,,,,,,,,,,,,,,,,,,,,,,,,,,,,,,,,X
Hazard,2014 Oneida | 2011 Essex,Wave Action,X,,,,,,,,,,,,,,,,X,X,,,,,,,,,,,,,,x,,,,,,,,,,,,,,,,,,,,,,,,,,,
Hazard,2018 Albany | Ontarion '15 | 2013 Tompkins | Steuben,Water Supply Contamination,X,,X,,,,,x,,,,,,,,,,X,,X,,,,,,,,,,,,,,X,,X,,,,,,x,,,,,,x,,,,x,,,,X,,X,
Hazard,2019 NYSHMP,Wildfire,X,,X,X,X,X,,,,X,x,,,x,X,X,X,X,X,,X,,x,X,X,x,x,x,,,x,x,X,X,X,X,x,X,X,x,X,x,x,X,X,X,x,x,X,,,,X,X,X,,X,,
Hazard,Washington,Windstorm,X,,,,X,,,,,X,,,,,,,,,,,X,,,,,,,x,,,,,X,,,,,,X,,,,,,,,,,,,x,,,X,X,,,,
Hazard,Otsego | Saratoga |Herkimer | Rockland | Essex | Clinton,Winter Storm,X,,,,,,,,,,x,,,,,X,X,,,X,,,x,X,X,,x,x,,,,,,,X,X,x,X,,x,X,x,x,,,,,,,x,x,,,,,,,,
Dataset and Demographics,Hazard Rank,Were Hazards Ranked?,X,,X,X,X,,X,x,X,X,,,x,x,X,X,,X,X,X,X,,,X,,X,x,x,X,,x,x,X,,,X,x,,X,x,X,,x,X,,,,,X,x,x,x,,X,X,X,X,X,X
Dataset and Demographics,HAZUS,Was there a HAZUS analysis conducted?,X,,,X,X,,X,x,,X,,,x,,X,X,,,X,,X,,x,,X,X,x,x,X,,,x,X,X,,,x,,X,x,X,,x,,,,,,X,x,x,x,X,X,X,,,,X
Dataset and Demographics,HAZUS,HAZUS level 2?,X,,,,,,,,,,,,,,,,,,,,X,,,,,,,x,,,,,,,,,,,X,,,,,,,,,,X,,,,X,,,,X,,
Dataset and Demographics,Built Environment,Critical Facilities,X,X,,,X,,,x,X,X,,,x,x,X,X,,X,X,X,X,,x,X,X,X,,X,X,x,x,x,X,,,X,x,,X,,,x,x,x,,,x,,X,,x,x,,X,,X,,,
Dataset and Demographics,Built Environment,Data about existing and future structures,X,X,,X,X,X,X,x,X,X,,,x,x,X,X,X,X,X,X,X,,,X,X,X,,x,X,x,x,,X,X,,X,x,,X,,X,,x,X,,,x,x,X,,x,,X,X,X,,X,,
Dataset and Demographics,Built Environment,"Built assets from a source other than HAZUS (i.e., assesor's database)",X,,,X,,X,X,x,,X,,,,,,X,X,X,X,,X,,x,,,X,,x,X,x,,,,X,,X,,,X,x,,,x,X,,,x,x,X,,,x,X,,X,,,,
Dataset and Demographics,Built Environment,Analysis of potential $ amount of structural loss,X,,,X,X,X,X,x,,,,,x,x,,X,X,,X,,X,,,,,,x,x,X,x,,,,X,,,x,,X,x,,,x,x,,,x,,X,,,x,x,,X,,X,,
Dataset and Demographics,Loss,Flood / (annual avg or total all time?),$,,,,1355932058,,35636482,281304291,,5546940,,,568133000,,,1831706524,,147935190,344183000,,,,8691696,186160,96113,,,278611021689,X,1072020081,88183899,,2776940000,,1720000,,7160280007,,,1065377343,,2183675826,308315000,,,,,,1012752084,,,,,45275000,,,,,
Dataset and Demographics,Program,Cost Benefits of mitigation projects (please list all mitigation actions below),X,,,,,,,,,,,,,,,,,,,,,,,,,,X,,,,,,,X,,,,,,,,,,,,,x,,,,,x,,,,,,,
Dataset and Demographics,Policies / Ordinance,Flood Insurance Rate Map (FIRM),X,,,X,,X,X,x,X,,,,x,,X,X,,X,X,X,X,,x,,X,X,X,x,,x,x,,X,X,,X,x,,X,x,X,x,x,X,,X,,x,X,x,x,x,X,,X,X,X,X,
Dataset and Demographics,Planning and Regulatory,Building Code Effectiveness Grading Schedule (BCEGS) Score,X,,,,,,,,,,,,,,,X,,,,,,,,,,,,,,,,,,,,,,,,,,x,,,,,,,,,,,,,,,,,
Dataset and Demographics,Program,Fire Department Insurance Service Office Rating,X,,X,,,,,,,,,,,,,X,,,,,,,,,,,,,,,,,,,,,,,,,,x,,,,,,,,,,,,,,,,,
Asset / Action,Plans,Agricultural Plan,X,,,,,,,x,,,,,,,,,,,,,,,,,,,,,,,,,,,,,,,,,,,,,,,,,,,,x,,,,,,,
Asset / Action,Plans,Capital Improvement Plan,X,,X,X,X,,,x,X,X,,x,,,X,X,,,X,,X,,,X,X,X,X,,X,x,x,,X,,X,,x,,X,x,X,x,,X,,X,,,X,x,,x,X,,X,X,X,,
Asset / Action,Plans,Coastal Erosion Hazard Area,X,,,,,,,,,,,,,,,,,,,,,,,,,,,,,x,,,,,,,,,,,,,,,,,,,,,,,,,,,,,
Asset / Action,Plans,Coastal Zone Management Plan,X,,,,,,,,,,,,,,,,,,,,,,,,,,,,,,,,,,,,,,,,,,,,,,,,,,,,,,,,,,
Asset / Action,Plans,College Campus Plan,X,,,,,,,,,,,,,,,,,,,,,,,,,,,,,,,,,,,,,,,,,,,,,,,,,,,,,,,,,,
Asset / Action,Plans,Community Health Assessment,X,,,,,,,,,,,,,,,,,,,,,,,,,,X,,,,,,,,,,x,,,,,,,,,,,,,,,,,X,,,,,
Asset / Action,Plans,Community Wildfire Protection Plan,X,,,,,,,,,,,,,,,,X,,,,,,,,,,,,,,,,,,,,,,,,,,,,,,,,,,,,,,,,,,
Asset / Action,Plans,Comprehensive Emergency Management Plan,X,,,,X,,X,,X,X,,,,,,,,,X,X,,,x,X,X,,X,,X,,,x,,,X,X,x,X,,x,,,,,,X,x,,,x,x,x,,X,,X,X,X,
Asset / Action,Plans,Comprehensive/Master Plan,X,,X,X,X,,X,x,X,X,,x,x,,,X,X,x,,X,,,,X,,X,X,,,x,x,,X,X,X,X,x,X,X,x,X,x,,,X,X,x,x,X,x,,x,,X,X,X,,,
Asset / Action,Plans,Continuity of Operations Plan,X,,,,,,,,,,,,,,,,,,,,,,,,,,,,,,,,,,,,x,,,x,,x,,,X,,x,x,,x,,,,,,,,,
Asset / Action,Plans,County Consolidated Plan,X,,,,,,,,,,,,x,,,,,,,,,,,,,,,,,,,,,,,,,,,,,,,,,,,,,,,,,,,,,,
Asset / Action,Plans,Dam EAPs,X,,,X,,,,,,,,,,,,,,,,,,,x,,,,,x,,,,,,,,,,,,,,,,X,,,,,,,,,,,,,,,
Asset / Action,Plans,Dairy Farmer Sustainability Action Plan,X,,,,,,,,,,,,,,,,,,,,,,,,,,,,,,,x,,,,,,,,,,,,,,,,,,,,,,,,,,,
Asset / Action,Plans,Disaster Recovery Plan,X,,,,,,,,,,,,,,,,,,X,,,,,,,,,,,,,,,,,,,,,,,,,,,,,,,,,,,,,,,,
Asset / Action,Plans,Disaster Response Plan,X,,,,,,,,,,,,,,,,,,,,,,,,,,X,,,,,,,,,,,,,x,,,,,,,,,,,,,,,,,,,
Asset / Action,Plans,Drought Preparedness Plan,X,,,,,,,,,,,,,,,,x,,,,,,,,,,,,,,,,,,,,,,,x,,,,,,,,,,,,,,,,,,,
Asset / Action,Plans,Economic Development Plan,X,,X,X,X,,X,x,,X,,x,,,,X,,,X,,X,,,X,X,X,X,,X,x,,,X,X,X,,x,X,X,x,X,x,x,,X,X,x,x,X,x,x,x,X,,X,X,X,,
Asset / Action,Plans,Emergency Management Plan,X,,,X,X,X,,x,X,X,,x,x,,X,X,x,,,X,X,,,,,,X,,,,x,,X,X,,,x,X,X,x,X,x,,X,X,X,x,x,X,x,,,X,,X,X,,,
Asset / Action,Plans,Emergency Response Plan,X,,,,,,,,,X,,,x,,,,x,,,,,,,X,X,X,,,,x,,,,,,,x,,,,,,,,,,x,,X,x,x,x,,,,,X,,
Asset / Action,Plans,Environmental Conervation Plan,X,,,,,,,,,,,,,,,,,,,,,,,,,,,,,,,,,,,,,,,,,,,,,,x,,,,,,,,,,,,
Asset / Action,Plans,Farmland Preservation Plan,X,,,,,,,x,,,,x,,,,,,X,,,X,,,,,,X,x,,,,,,,,,,,X,,,,,X,,,x,,,,,,,,,,,,
Asset / Action,Plans,Flood Mitigation Plan (CRS/NFIP/SFHA),X,,,X,,,,,X,,,x,,,X,,x,,,X,,,x,,,,X,,,,,,,,,,,X,,,,,,,,,,x,X,,,,,,,,,X,
Asset / Action,Plans,Green Infrastructure Plan,X,,,,,,,,,,,,,,,,,,,,,,,,,,,,,,,,,,,,,,,,,,x,,,,,,,,x,,,,,,,,
Asset / Action,Plans,Habitat Conservation Plan,X,,,,,,,,,,,,,,,,,,,,,,,,,,,,,,,,,,,,,,,,,,,,,,,,X,,,,,,,,,,
Asset / Action,Plans,Hazard Mitigation Plan,X,,,,,,,x,,,,,,,,X,x,,,,,,x,,,,X,x,,x,x,,,X,,,x,,,x,,,x,X,X,,,x,,,x,,,,,,,,
Asset / Action,Plans,Hazardous Materials Plan,X,,,,,,,,,,,,,,,,,,,,,,,,,,,,,,,,,,,,,,,,,,,,X,,,,,,,,,,,,,,
Asset / Action,Plans,Heritage Area Protection Plan,X,,,,,,,x,,,,,,,,,,,,,,,,,,,,,,,,,,,,,,,,,,,,,,,,,,,,,,,,,,,
Asset / Action,Plans,Historical Preservation Plan,X,,,,,,,,,,,x,,,,,x,,,,,,,,,,,,,,,,,,,,,,,,,,,,,,,,,,,,,,,,,,
Asset / Action,Plans,Housing Plan,X,,,,,,,,,,,,,,,,,,,,,,,,,,,,,,,,,,,,,,,,,,,,,,x,,,,,,,,,,,,
Asset / Action,Plans,Land Use Plan,X,,,,,,X,x,,,,x,,,,,,,,,,,x,,,,X,,,,x,,,,,,x,,,x,,,,,,,,,,,,,,,,,,,
Asset / Action,Plans,Local Waterfront Revitalization Plan (LWRP),X,,,,,,,,,,,,,,,X,,,,,,,x,,,,,,,,,,,,,,,,,,,,,,,,,,,,,x,,X,,,,,
Asset / Action,Plans,Municipal Master Emergency Response Plan,X,,,,,,,,,,,,,,,,,,,,,,,,,X,,,,,,,,,,,,,,,,,,,,,,,,,,,,,,,,,
Asset / Action,Plans,Natural Resource Protection Plan,X,,,,,,,,,,,,,,,,x,,,,,,,,,,,,,,x,,,,,,,,,,,,,,X,,,,,,,,,,,,,,
Asset / Action,Plans,Open Space Plan,X,,,,X,,X,,,,,,,,,,x,,,,X,,,,,,,,,,,,X,,,,x,,X,,X,,,,,,x,,,,x,x,,,X,X,,,
Action/Action,Plans,Planning Department Annual Reports,X,,,,,,,,,,,,,,,,,,,,,,,,,,x,,,,,,,,,,,,,,,,,,,,,,,,,,,,,,,,
Asset / Action,Plans,Post-Disaster Recovery Plan,X,,,,X,,,,,X,,,,,,,,,,,,,,X,X,X,,,,x,,,X,,,,,X,X,x,,,,,,,,,X,,,x,,,,,X,,
Asset / Action,Plans,Post-Disaster Redevelopment Plan,X,,,X,X,,,,,,,,,,,X,,,,,,,,,,,,,,,,,,,,,,,,,,,,,X,,,,,,,x,,,,,,,
Asset / Action,Plans,Public Health Emergency Operations Plan,X,,,,,,,,,,,,,,,,,,,,,,,,,,,,,,,,,,,,,,,,,,,,X,,x,,,x,,,,,,,,,
Asset / Action,Plans,Radiological Response Plan,X,,,,,,,,,,,,,,,,,,,,,,,,,,,x,,,,,,,,,,,,,,,,,,,,,,,,,,,,,,,
Asset / Action,Plans,Regional Sustainability Plan,X,,,,,,,,,,,x,,,,,x,,,,,,,,,,,,,,,,,X,,,,,,,,,,,X,,,,,,,,,,,,,,
Asset / Action,Plans,School Safety Plan,X,,,,,,,,,,,x,,,,,,,,,,,,,,X,,x,,,,,,,,,,,,,,,,,,,,,,,,,,,,,,,
Asset / Action,Plans,Sewage Management Plan,X,,,,,,,x,,,,,,,,,,,,,,,,,,,,,,,,,,,,,,,,,,,,,,,,,,,,,,,,,,,
Asset / Action,Plans,Shoreline / Coastal Zone Management Plan,X,,,,,,,,,,,,,,,,,,,,,,,,,X,,,,,,,,,,,,,,,,,,,,,,,X,,,,,,,,,,
Asset / Action,Plans,Storm Water Management Plan,X,,X,X,X,,,,X,X,,,x,,,,,,,X,,,x,,,,x,x,,,,,,X,,,,,X,,X,,,X,X,,,x,X,,x,,,,X,X,,,
Asset / Action,Plans,Stream Corridor Management Plan,X,,,,,,X,,,,,,,,,,,,,,,,,,,,,,,,,,,,,,,,,,,,,,,,,,,,,,,,,,,,
Asset / Action,Plans,Town and Village Comprehensive Master Plans,X,,,,,,,,,,,,,,,,,,,,,,x,,,,,,,,,,,,,,x,,,,,,,,X,,,,,x,,,,,,,,,
Asset / Action,Plans,Transportation Plan,X,,,X,,,,,,,,,,,,,,,,,,,,,,,x,,X,,x,,,,,,,,,,,,,,X,,,,,,,,,,,,,,
Asset / Action,Plans,Water Quality Annual Report,X,,,,,,,,,,,,,,,,,,,,,,,,,,x,,,,,,,,,,,,,,,,,,,,,,,,,,,,,,,,
Asset / Action,Plans,Watershed Protection Plan,X,,,,X,,X,x,,,,x,,,,,,,,,,,x,,,,,,,,,,,X,,,,X,,,,,,,X,,x,x,,x,x,,,,,,,,
Asset / Action,Policies / Ordinance,Floodplain Ordinance,X,,,,X,,,x,X,X,,,x,,,,,,,X,,,x,,,,,,,,,,X,,,X,,,,,,,,,,,,,,,,,,X,,,,,
Asset / Action,Policies / Ordinance,Growth Management Ordinance,X,,,,,,,,,,,,,,,X,,,,,,,,,,,,,,x,x,,,,,,,,,x,,,,,,,,,,,,,,,,,,,
Asset / Action,Policies / Ordinance,Land Acquisition Ordinance,X,,X,,,,,,,,,,,,,,,,,,,,,,,,,,,,,,,,,,,,,x,,,,,,,,,,,,,,,,,,,
Asset / Action,Policies / Ordinance,Local Drainage Regulations (Flood and Stormwater),X,,,,,,,,,,,,,,,,,,,X,,,,,,,,,,,,,,,,,,,,,,,,,,,,,,,,,,,,,,X,
Asset / Action,Policies / Ordinance,Local Site Plan Regulation,X,,,,,,,,,,,,x,,,X,,,,X,,,x,,,,x,,,x,,,,,,,,,,,,,,,,,,,,x,,,,,,,X,,
Asset / Action,Policies / Ordinance,Local Subdivision Regulations,X,,,,X,,,,X,X,,,x,,,,,,,X,,,x,,,,x,,,x,,,,,,X,,,,,,,,,,,,,,x,,,,,,,,,
Asset / Action,Policies / Ordinance,Natural Hazard Specific Ordinance,X,,X,,,,,,,,,,,,,,,,,,,,,,,,,,,,,,,,,,,,,,,x,,,,,,,,,,,,,,,,,
Asset / Action,Policies / Ordinance,NIMS (National Incident Management System) Ordinance,X,,,,,,,,,,,,,,,,,,,,,,,,,,,,,,,,,,,,,,,,,,,X,,,,,,,,,,,,,,,
Asset / Action,Policies / Ordinance,New York State Building Codes,X,,X,X,X,,,x,X,X,,,x,,,X,x,,X,X,X,,x,X,X,,x,x,,x,x,,X,X,X,X,x,,X,x,X,x,,X,X,X,x,,,x,x,,,,X,X,X,,
Asset / Action,Policies / Ordinance,Preventions for Water Supply Contamination,X,,,,,,,,,,,,,,,,,,,,,,,,,,,,,,,,,,,,,,,,,,,,,,,,,,,,,,,,,X,
Asset / Action,Policies / Ordinance,Post-Disaster Recovery Ordinance,X,,,,,,,,,,,,,,,X,,,,,,,,X,X,,,,,,,,,,,,,,X,,,,,,X,,,,X,,,,,,,,,,
Asset / Action,Policies / Ordinance,Public Transit-Human Services Transportation,X,,,,,,,,,,,,,,,,,,,,,,x,,,,x,,,,,,,,,,,,,,,,,,,,,,,,,,,,,,,,
Asset / Action,Policies / Ordinance,Real Estate Disclosure Requirements,X,,,,,,,,,,,,x,,,X,,,,,,,,,,,,,,x,,,,,,,,,,x,,,,,,,,,X,,,,,,,,,,
Asset / Action,Policies / Ordinance,"Regulation for Tree Trimming, Planting, Clearing Fallen Tres and Debris",X,,,,,,,,,,,,,,,,,,,,,,,,,,,,,,,,,,,,,,,,,,,,,,,,,,,,,,,,,X,
Asset / Action,Policies / Ordinance,"Regulation for De-Icingr Roads, Plowing",X,,,,,,,,,,,,,,,,,,,,,,,,,,,,,,,,,,,,,,,,,,,,,,,,,,,,,,,,,X,
Asset / Action,Policies / Ordinance,Regulation for Unsafe/Defective Structures,X,,,,,,,,,,,,,,,,,,,,,,,,,,,,,,,,,,,,,,,,,,,,,,,,,,,,,,,,,X,
Asset / Action,Policies / Ordinance,Riparian protection or setbacks,X,,,,,,,,,,,,,,,,,,,,,,,,,,,,,,,,,,,,,,,,,,,,,,,,,,,,,,,,,X,
Asset / Action,Policies / Ordinance,Sediment and Erosion Control Measures,X,,,,,,,,,,,,,,,,,,,,,,,,,,,,,,,,,,,,,,,,,,,,,,,,,,,,,,,,,,
Asset / Action,Policies / Ordinance,Shoreline / Coastal Zone Ordinance,X,,,,,,,,,,,,,,,,,,,,,,,,,,,,,,,,,,,,,,,,,,,,,,,,,,,,,,,,,,
Asset / Action,Policies / Ordinance,Site Plan Review Requirememts,X,,X,,,,,,X,,,,x,,,X,,,,,,,x,X,,,,,,,,,X,,X,,,X,,x,,x,,,,,,,X,,,,,,,,,X,
Asset / Action,Policies / Ordinance,Special Purpose Ordinance,X,,,,,,,,,,,,,,,C,,,,,,,,,,,,,,x,,,,,,,,,,x,,,,,,,,,,,,,,,,,,,
Asset / Action,Policies / Ordinance,Steep Slope Ordinance,X,,,,,,,,,,,,,,,,,,,,,,,,,,,,,,,,,X,,X,,,,x,,,,,X,,,,,,,,,,,,,X,
Asset / Action,Policies / Ordinance,Storm Water / Watershed Management Ordinance,X,,,,,,,,,,,,,,,,x,,,X,,,x,,,,,,,,,,X,X,,X,x,,,,,,,X,,,,,X,,,,,,,,X,,
Asset / Action,Policies / Ordinance,Subdivision Ordinance,X,,X,,,,,,X,X,,,x,,X,X,,,,,,,,X,X,,,,,x,,,X,,X,,,X,,x,X,,,,,,,,X,,,,,X,,,X,X,
Asset / Action,Policies / Ordinance,Telecommunication Towers Ordinance,X,,,,,,,,,,,,,,,,,,,,,,,,,,,,,,,,,,,,,,,,,x,,,,,,,,,,,,,,,,,
Asset / Action,Policies / Ordinance,Water Conservation Standards,X,,,,,,,,,,,,,,,,x,,,,,,,,,,,,,,,,,,,,,,,,,,,,,,,,,,,,,,,,,,
Asset / Action,Policies / Ordinance,Wildfire Protection Ordinance,X,,,,,,,,,,,,,,,,x,,,,,,,,,,,,,,,,,,,,,,,,,,,,,,,,,,,,,,,,,,
Asset / Action,Policies / Ordinance,Zoning Ordinance/Land Use Regulations,X,,X,,X,X,,,X,X,,x,x,,,X,x,,,X,,,x,X,X,,X,,,x,x,,X,,X,X,,X,,x,X,,,,X,X,,,X,,,,,,,,x,X,
Asset / Action,Program,Code Enforcement Disaster Asssistance Response (CEDAR),X,,,,,X,,,,,,,,,,,,,,,,,,,,,,,,,,,,,,,,,,,,,,,,,,,,,,,,,,,,,
Asset / Action,Program,Dam Safety Program,X,,,,,X,,,,,,,,,,,x,,,,,,,,,,,,,,,,,X,,,,,,,,,,,X,,x,x,,,,,,,,,,,
Asset / Action,Program,Disaster / Safety Programs in Schools,X,,,,,,,,,,,,,,,,,,,,,,,,,X,,,X,,,,,,,,,,,,,x,,,,,,,,,,,,,,,,,
Asset / Action,Program,Drainage Improvement / Stormwater Management,X,,,,,,,,,,,,,,,,,,,,,,,,,,,,,,,,,,,,,,,,,,,,,,x,,,,,,,,,,,,
Asset / Action,Program,Flood Mitigation Assistance (FMA),X,,,,,,,,,,,,,,,,,,,,,,,,,,,,,,,,,,,,,,,,,,,,,,x,,,,,,,,,,,,X
Asset / Action,Program,Farmland and Open Space Program,X,,,,,,,,,,,,,,,,,,,,,,,,,,,,,,,,,,,,,,,,,,x,,,,,,,,,,,,,,,,
Asset / Action,Program,"Functional Needs, emergency preparedness",X,,,,,,,,,,,,,,,,,,,,,,,,,,,,,,,,,,,,,,,,,x,,,,,,,,,,,,,,,,,
Asset / Action,Program,Hydrological Studies,X,,,,,,,,,,,,,,,,,,,,,,,,,,,,,,,,,,,,,,,,,,,,,,X,,,,,,,,,,,,
Asset / Action,Program,Infrastructure Maintenance,X,,,,,,,,,,,,,,,,,,,,,,x,,,,,,,,,,,X,,,,,,,,,,,X,,x,,,,,,,,,,,,
Asset / Action,Program,Mutual Aid Agreement,X,,,,,,,,,,,,,,X,,,,,,,,,,,,,,,,,,,X,,,,,,x,,x,,X,X,,,,,x,,,,,X,,,,
Asset / Action,Program,National Flood Insurance Program,X,,X,,,X,,x,X,,,x,x,,,,X,x,x,,x,,x,,X,,,x,,x,,,,,,X,,X,X,,X,x,,X,,X,,,,,,,,,,X,X,,
Asset / Action,Program,NYS Bridge Flood Watch Program,X,,,,,X,,,,,,,,,,,,,,,,,,,,,,,,,,,,,,,,,,,,,,,,,,,,,,,,,,,,,
Asset / Action,Program,NYS Highway Infrastructure,X,,,,,,,,,,,,,,,,,,,,,,,,,,,,,,,,,,,,,,,,,,,,X,,x,,,,,,,,,,,,
Asset / Action,Program,Pre-Disaster Mitigation (PDM),X,,,,,,,,,,,,,,,,,,,,,,,,,,,,,,,,,,,,,,,,,,,,,,,,,,,,,,,,,,X
Asset / Action,Program,Property Aquisition Program,X,,X,,,,,,,,,,,,,,,,,,,,x,,,,,,,x,,,,,,,,,,,,,,,,,,x,,,,,,,,,,,
Asset / Action,Program,Public Education / Awareness Programs,X,X,,X,X,X,,,,,,,,,,,X,,,,,,x,,,,,,X,x,x,,,X,,,x,X,,x,X,x,,X,X,X,x,x,,x,,x,,X,X,X,,,
Asset / Action,Program,Public Private Partnership,X,,,,,,,,,,,,,,,,,,,,,,,,,,,,X,,,,,,,,,,,,,x,,,,,,,,,,,,,,,,,
Asset / Action,Program,Repetitive Flood Claims (RFC),X,,,,,,,,,,,,x,,,,,,,,,,x,,,,,x,,x,,,,,,,,,,,,,,,,,,,,,,,,,,,,,X
Asset / Action,Program,Seismic Design Specifications for New Bridges,X,,,,,,,,,,,,,,,,,,,,,,,,,,,,,,,,,,,,,,,,,,,,,,,,,,,,,,,,,,
Asset / Action,Program,Severe Repetitive Loss (SRL),X,,,,,,,,,,,,x,,,,,,,,,,x,,,,,x,,x,,,,,,,,,,,,,,,,,,,,,,,,,,,,,X
Asset / Action,Program,Storm Ready,X,,,,,,,,,,,,,,,,,,,,,,,,,,,,,,,,,,,,,,,,,x,,,,,,,,,,,,,,,,,
Asset / Action,Program,Stream Maintence,X,,,,,,,,,,,,,,,,,,,,,,x,,,,,,,,,,,,,,,X,,,,,,,,,,,,,,x,,,,,,,
Asset / Action,Program,Technical Assistance Program,X,,,,,X,,,,,,,,,,,,,,,,,,,,,,,,,,,,,,,,,,,,,x,X,,,,,,,,,,,,,,,
Asset / Action,Staff /Departments,Benefit / Cost Analysis Personnel,X,,,,,,,,,X,,,x,,,,,,,,,,,,,X,,,,,,,X,,,,,,,,,,,,,,,,X,,,,,,,,x,,
Asset / Action,Staff /Departments,Building Code Official,X,,X,X,X,,,,,X,,x,x,,,,X,,,,X,,x,X,X,,X,,,x,,,,X,,X,,X,X,,,,,,X,,x,x,,x,,x,,,X,X,,,
Asset / Action,Staff /Departments,Building and Grounds Official,X,,,,,,,,,,,,,,,,,,,,,,,,,,,,,,,,,,,,x,,,,,,,,,X,,,,x,,,,X,,,,,
Asset / Action,Staff /Departments,Chief Building Official,X,,X,,,,,,,,,,,,,,,,,,,,,,,,,,,,x,,X,,,,,,,,,,,,,,,,,,,,,,,,,,X
Asset / Action,Staff /Departments,Code Enforcement Officer,X,,,,,,,x,,,,,,,,,,,,X,,,,,,,,,,,,,,,,X,,,,,,,,,,,,,,,,,,,,,,X,
Asset / Action,Staff /Departments,Damage Control Assessor,X,,,,,,,,,,,,,,,,,,,,,,,,,X,,,,,,,,,,,,,,,,,,,,,,,,,,,,,,,,,
Asset / Action,Staff /Departments,Emergency Management Personnel,X,,,X,X,X,X,x,,X,x,x,x,,,X,X,X,X,,X,,x,X,X,X,X,x,X,x,x,,,X,X,X,x,,X,x,X,x,x,X,X,X,x,x,,x,x,,X,X,X,X,X,,X
Asset / Action,Staff /Departments,Engineer,X,,X,X,X,X,X,x,,X,,x,x,,X,X,X,Contracted,X,,X,,x,X,X,X,,,X,x,,,X,X,X,,x,X,X,x,X,x,x,X,,X,x,x,X,x,x,x,X,X,X,X,X,,
Asset / Action,Staff /Departments,Environmental Conservation Specialist,X,,,,,,,,,,,,,,,,,,,,,,,,,,SWCD,x,,,x,,,,,,x,X,,,,,,,,,,,,x,x,x,,,,,,,
Asset / Action,Staff /Departments,Floodplain Administrator,X,,X,,X,,,,,,,x,,,,,,,X-Local,,X-Local,,x,,,X,,,X,x,,,,,,,,,X-Local,,,,,,,,,x,X,,,,,,,X,,,
Asset / Action,Staff /Departments,Floodplain Management Personnel,X,,,X,,,,,,X,,,x,,,X,X,,,X,,,,X,X,,,,,,,,X,,X,X,,,,,,,,,X,X,,,,,,,X,X,X,,,,
Asset / Action,Staff /Departments,GIS Specialist,X,,X,X,X,,X,,,X,,x,x,,X,X,,,X,,X,,,,,X,,x,X,x,,x,X,X,,,,X,X,x,X,,x,X,X,,,x,,x,x,x,X,X,X,X,X,,
Asset / Action,Staff /Departments,Grant Writer,X,,X,,X,,X,,,X,,,x,,,X,X,,,,,,,X,X,X,SWCD,,X,x,,x,X,,X,,x,,X,x,,x,x,X,X,,,x,,x,x,,X,,,,X,,
Asset / Action,Staff /Departments,HAZUS Specialist,X,,X,X,X,,,,,,,,,,,X,X,,,,X,,,X,X,,,,,,,,,X,X,,,X,X,,X,,,,,,,x,,,,,X,X,X,,,,
Asset / Action,Staff /Departments,Highway Department,X,,,,,,,,,,,,x,,,,,,,,,,x,,,,,,,,x,,,,,,x,,,x,,,x,,,,,,,x,x,,,,,,,,X
Asset / Action,Staff /Departments,Planner,X,,X,X,X,X,X,x,,X,x,x,x,,X,x,X,Contracted,X,,X,,,X,X,X,x,x,X,x,x,x,x,X,X,,x,X,X,x,X,x,x,X,X,X,x,x,X,x,x,x,X,X,X,X,X,,X
Asset / Action,Staff /Departments,Public Information Officer,X,,X,,,,,,,,,,,,,,,,,,X,,,,,,x,,,,x,,,,,,x,X,X,x,,,x,,,,,x,,x,x,x,,,,X,,,
Asset / Action,Staff /Departments,Public Health Official,X,,,,,,,,,,,,x,,,,,,,,,,x,,,,,x,,,x,,,,,,x,,,,,,,,,,,,,x,x,,,,,,,,X
Asset / Action,Staff /Departments,Public Works Official,X,,,X,X,,,,,,,x,,,,,,,,,,,x,,,,x,x,,,x,x,,X,,,x,,X,,,,x,,X,X,x,x,,x,x,x,X,X,X,X,,,
Asset / Action,Staff /Departments,Soil/Water Staff,X,,,,,,,,,,,,x,,,,,,,,X,,x,,,,,,,,,,,,,,x,,,,,,,,,X,,,,,x,,,,,,,,
Asset / Action,Staff /Departments,Surveyor,X,,,,,,,,,,,,x,,,,,,,,,,,,,X,,,X,x,,,,,,,,,,,,,,,,,,,X,,,,,,,,X,,
Asset / Action,Funding,Aquatic Ecosystem Restoration,X,,,,,,,,,,x,,,,,,,,,,,,,,,,,,,,,,,,,,,,,,,,,,,,,,,,,,,,,,,,
Asset / Action,Funding,Authority to levy taxes,X,,,,X,,,x,,X,,,,,,,,,,,,,x,,,,,,X,,,,,,X,,,,,,,x,,,,,,,X,,,,,,,X,X,,
Asset / Action,Funding,Bridge Replacement and Rehabilitiation,X,,,,,,,,,,,,,,,,,,,,,,,,,,,,,,,,,,,,,,,,,,,,,,,,,,,,,,,,,X,
Asset / Action,Funding,Capital Improvement Projects Funding,X,,X,X,X,X,X,x,,X,,x,x,,X,X,,,,,X,,x,X,X,X,,x,X,x,,,X,,X,,,,X,,X,x,,X,,,,x,X,x,x,,X,,X,X,X,,
Asset / Action,Funding,Clean Water State Revolving Funds,X,,,,,,,,,,,,,,,,,,,,,,,,,,,,,,,,,,,,,,,,,,,,,,,,,,,,,,,,,X,
Asset / Action,Funding,Community Development Block Grant(s),X,,,X,X,,X,,,X,x,,x,,X,X,,,,,X,,x,X,X,X,,,X,x,,,X,,X,,,,X,x,X,x,,X,,X,,,X,,x,,X,X,X,X,X,,
Asset / Action,Funding,Conservation Reserve Program,X,,,,,,,,,,,,,,,,,,,,,,,,,,,,,,,,,,,,,,,,,,,,,,,,,,,,,,,,,X,
Asset / Action,Funding,DEP Floodplain Management Funding,X,,,,,,X,,,,,,,,,,,,,,,,,,,,,,,,,,,,,,,,,,,,,,,,,,,,,,,,,,,,
Asset / Action,Funding,Economic Development Administration,X,,,,,,,,,,x,,,,,,,,,,,,,,,,,,,,,,,,,,,,,,,,,,,,,,,,,,,,,,,,
Asset / Action,Funding,Envionmental Quality Incentive Programs (EQUIP),X,,,,,,,,,,,,,,,,,,,,,,,,,,,,,,,,,,,,,,,,,,,,,,,,,,,,,,,,,X,
Asset / Action,Funding,Federal Funding - Other,X,,X,,X,,,,,X,,,x,,,X,,X,,,X,,,,,,,,,,x,,X,,,,,,,,,x,,,,X,,,,,,,X,X,,x,,,
Asset / Action,Funding,FEMA Hazard Mitigation Grant Program,X,,,X,X,,,,,,,x,x,,,,,,,,X,,x,,,,x,,,,,,,,,,x,,X,x,X,,,X,X,X,,x,X,,x,,X,X,X,X,,,
Asset / Action,Funding,FEMA Pre-Disaster Mitigation Grant,X,,,,,,,,,,,,,,,,,,,,,,,,,,x,,,,,,,X,,,x,,,,,,x,X,X,X,,,,,,,X,X,,X,,,
Asset / Action,Funding,FEMA Public Assistance,X,,,,,,,,,,,,,,,,,,,,,,x,,,,,,,,,,,,,,x,,,x,,,,,,,,,,x,x,,,X,,,,,
Asset / Action,Funding,Fire Management Grants,X,,,,,,,,,,,,,,,,,,,,,,,,,,,,,,,,,,,,,,,,,,,,,X,,,,,,,X,,,,,,
Asset / Action,Funding,Fire Prevention and Safety Grant Program,X,,,,,,,,,,,,,,,,,,,,,,,,,,,,,,,,,,,,,,,,,,,,,,,,,,,,,,,,,X,
Asset / Action,Funding,Forest Legacy Program Funding,X,,,,,,,,,,,,,,,,,,,,,,,,,,,,,,,,,,,,,,,,,,,,,,,,,,,,X,,,,,,
Asset / Action,Funding,HUD Economic Development Loans,X,,,,,,,,,,,,,,,,,,,,,,,,,,,,,,,,,,,,,,,,,,,,,,,,,,,,,,X,,,,
Asset / Action,Funding,Incur debt through general obligation bonds,X,,,,,,,,,X,,,x,,,X,,,,,,,,,,,,,X,x,,,X,,X,,,,,,,x,,,,,,,X,,x,,,X,,,,,
Asset / Action,Funding,Incur debt through special tax bonds,X,,,,,,,,,X,,,x,,,,,,,,,,,,X,,,,,,,,X,,X,,,,,,,,,,,,,,X,,,,,,,,X,,
Asset / Action,Funding,Land and Water Conservation Fund $,X,,,,,,,,,,,,,,,,,,,,,,,,,,,,,,,,,,,,,,,,,,,,,,,,,,,,X,,,,,,
Asset / Action,Funding,Levy taxes for specific purposes,X,,,,,,,x,,,,,x,,,,,,,,,,x,X,X,X,,,,x,,,X,,,,,,,,,,,,,,,,,,x,,,,,,,,
Asset / Action,Funding,Mitigation Grant Program (HMGP),X,,,,,,,,,,x,,,,,,,,,,,,,,,X,,,X,,,,,,,,,,,,,,,,,,x,,,x,x,,,,,,X,,
Asset / Action,Funding,National Dam Safety Program Funding,X,,,,,,,,,,x,,,,,,,,,,,,,,,,,,,,,,,,,,,,,,,,,,,,,,,,,,X,,,,,,
Asset / Action,Funding,National Earthquake Hazard Reduction Program,X,,,,,,,,,,x,,,,,,,,,,,,,,,,,,,,,,,,,,,,,,,,,,,,,,,,,,,,,,,X,
Asset / Action,Funding,National Science Foundation,X,,,,,,,,,,x,,,,,,,,,,,,,,,,,,,,,,,,,,,,,,,,,,,,,,,,,,,,,,,,
Asset / Action,Funding,Rural Development Assistance - Utilities,X,,,,,,,,,,,,,,,,,,,,,,,,,,,,,,,,,,,,,,,,,,,,,,,,,,,,,,,,,X,
Asset / Action,Funding,Solid Waste Management Grants,X,,,,,,,,,,,,,,,,,,,,,,,,,,,,,,,,,,,,,,,,,,,,,,,,,,,,,,,,,X,
Asset / Action,Funding,State Funding,X,,X,,,,X,,,X,,,,,,,,X,x,,X,,,,X,,x,,,,x,,x,,,,,,x,,,,,,X,X,x,,,,x,x,,X,,x,,,
Asset / Action,Funding,Surface Transportation Program,X,,,,,,,,,,,,,,,,,,,,,,,,,,,,,,,,,,,,,,,,,,,,,,,,,,,,,,,,,X,
Asset / Action,Funding,Transportation Trust Fund $,X,,,,X,,,,,,,,,,,,,,,,,,,,,,,,,,,,,,,,,,,,,,,,,X,,,,,,,X,X,,,,,
Asset / Action,Funding,USDA,X,,,,,,,,,,x,,,,,,,,,,,,,,,,,,,,,,,,,,,,,,,,,,,,,,,,,x,,,,,,,
Asset / Action,Funding,"User fes for water, sewer, gas, electric service",X,,,,,,,,,,,,,,,,,,,,,,x,,X,X,,,,x,,,X,,X,,,,,,,,,,,,,,X,,,,,,,,,,
Asset / Action,Funding,Water and Waster Disposal Direct Loans and Grants,X,,,,,,,,,,,,,,,,,,,,,,,,,,,,,,,,,,,,,,,,,,,,,,,,,,,,,,,,,X,
Asset / Action,Funding,Wetlands Reserve Program,X,,,,,,,,,,x,,,,,,,,,,,,,,,,,,,,,,,,,,,,,,,,,,,,,,,,,,,,,,,X,
Asset / Action,Funding,Private Funding,X,,,,,,,,,,,,,,,,,,,,,,,,,,x,,,,,,,,,,,,,,,,,,,,,,,,,,,,,,,,